,,,,,
ID TOU,PRE jméno,Tarify,Relé 1,Relé 2,Užití
TC25_001,TOU 487 488 488,487,488,488,1F/3F
TC25_002,TOU 519 520 520,519,520,520,
TC25_003,TOU 535 536 536,535,536,536,
TC25_004,TOU 524 529 529,524,529,529,
,,,,,
TC26_001,TOU 487 488 488,487,488,488,1F/3F
TC26_002,TOU 519 520 520,519,520,520,
TC26_003,TOU 535 536 536,535,536,536,
TC26_004,TOU 524 529 529,524,529,529,
,,,,,
TC27_001,TOU 261 261 263 ,261,261,263,
,,,,,
TC35_001,TOU 527 528 532,527,528,532,3F
,,,,,
TC45_001,TOU 549 550 553,549,550,553,3F
TC45_002,TOU 597 598 601,597,598,601,
,,,,,
TC46_001  ,TOU 493 494 495,493,494,495,
,,,,,
TC55_001,TOU 517 518 521,517,518,521,3F
,,,,,
TD25_001,TOU 503 504 504,503,504,504,1F/3F
TD25_002,TOU 540 545 545,540,545,545,
TD25_003,TOU 551 552 552,551,552,552,
TD25_004,TOU 567 568 568,567,568,568,
TD25_005,TOU 508 513 513,508,513,513,
TD25_006,TOU 556 561 561,556,561,561,
TD25_007,TOU 599 600 600,599,600,600,
TD25_008,TOU 490 491 491,490,491,491,
TD25_009,TOU 492 497 497,492,497,497,
,,,,,
TD26_001,TOU 503 504 504,503,504,504,1F/3F
TD26_002,TOU 540 545 545,540,545,545,
TD26_003,TOU 551 552 552,551,552,552,
TD26_004,TOU 567 568 568,567,568,568,
TD26_005,TOU 508 513 513,508,513,513,
TD26_006,TOU 556 561 561,556,561,561,
TD26_007,TOU 599 600 600,599,600,600,
TD26_008,TOU 490 491 491,490,491,491,
TD26_009,TOU 492 497 497,492,497,497,
,,,,,
TD27_001,TOU 262 262 263,262,262,263,
,,,,,
TD35_001,TOU 543 544 548,543,544,548,3F
,,,,,
TD45_001,TOU 485 486 489,485,486,489,3F
TD45_002,TOU 501 502 505,501,502,505,
TD45_003,TOU 525 526 530,525,526,530,
TD45_004,TOU 533 534 537,533,534,537,
TD45_005,TOU 565 566 569,565,566,569,
,,,,,
TD55_001,TOU 517 518 521,517,518,521,3F
,,,,,
TD57_001,TOU 573 574 575,573,574,575,3F
TD57_002,TOU 605 606 607,605,606,607,
,,,,,
TD61_001,TOU 586 586 586,586,586,586,1F/3F
ID TOU,PRE jméno,ID,Po,Ut,St,Čt,Pa,So,Ne,Sv,Registry,Zap,Vyp,Zap,Vyp,Zap,Vyp
TC25_001,TOU 487 488 488,29,,,,,,,,,487, - existuje u TOU pro 1F i 3F metr,,,,,
,,,x,x,x,x,,,,,,,00:00:00,00:45:00,05:45:00,13:00:00,16:00:00
,,,,,,,x,,,,,,00:00:00,01:00:00,06:00:00,13:00:00,16:00:00
,,,,,,,,x,,,,,00:00:00,03:00:00,06:00:00,13:00:00,18:00:00
,,,,,,,,,x,,,,00:00:00,04:00:00,07:00:00,13:00:00,18:00:00
,,,,,,,,,,x,,,00:00:00,00:15:00,05:15:00,12:00:00,15:00:00
,,,,,,,,,,,Relé 1,Zap,Vyp,Zap,Vyp,Zap,Vyp
,,28,,,,,,,,,488, - existuje u TOU pro 1F i 3F metr,,,,,
,,,x,x,x,x,,,,,,,00:00:00,00:45:00,05:45:00,13:00:00,16:00:00
,,,,,,,x,,,,,,00:00:00,01:00:00,06:00:00,13:00:00,16:00:00
,,,,,,,,x,,,,,00:00:00,03:00:00,06:00:00,13:00:00,18:00:00
,,,,,,,,,x,,,,00:00:00,04:00:00,07:00:00,13:00:00,18:00:00
,,,,,,,,,,x,,,00:00:00,00:15:00,05:15:00,12:00:00,15:00:00
,,,,,,,,,,,Relé 2,Zap,Vyp,Zap,Vyp,Zap,Vyp
,,28,,,,,,,,,488, - vynechat u TOU pro 1F metr,,,,,
,,,x,x,x,x,,,,,,,00:00:00,00:45:00,05:45:00,13:00:00,16:00:00
,,,,,,,x,,,,,,00:00:00,01:00:00,06:00:00,13:00:00,16:00:00
,,,,,,,,x,,,,,00:00:00,03:00:00,06:00:00,13:00:00,18:00:00
,,,,,,,,,x,,,,00:00:00,04:00:00,07:00:00,13:00:00,18:00:00
,,,,,,,,,,x,,,00:00:00,00:15:00,05:15:00,12:00:00,15:00:00
,,,,,,,,,,,,,,,,,
ID TOU,PRE jméno,ID,Po,Ut,St,Čt,Pa,So,Ne,Sv,Registry,Zap,Vyp,Zap,,,
TC25_002,TOU 519 520 520,35,,,,,,,,,519, - existuje u TOU pro 1F i 3F metr,,,,,
,,,x,x,x,x,,,,,,00:00:00,06:45:00,22:45:00,,,
,,,,,,,x,,,,,00:00:00,06:45:00,22:45:00,,,
,,,,,,,,x,,,,00:00:00,06:45:00,22:45:00,,,
,,,,,,,,,x,,,00:00:00,07:45:00,23:45:00,,,
,,,,,,,,,,x,,00:00:00,07:45:00,23:45:00,,,
,,,,,,,,,,,Relé 1,Zap,Vyp,Zap,,,
,,34,,,,,,,,,520, - existuje u TOU pro 1F i 3F metr,,,,,
,,,x,x,x,x,,,,,,00:00:00,06:45:00,22:45:00,,,
,,,,,,,x,,,,,00:00:00,06:45:00,22:45:00,,,
,,,,,,,,x,,,,00:00:00,06:45:00,22:45:00,,,
,,,,,,,,,x,,,00:00:00,07:45:00,23:45:00,,,
,,,,,,,,,,x,,00:00:00,07:45:00,23:45:00,,,
,,,,,,,,,,,Relé 2,Zap,Vyp,Zap,,,
,,34,,,,,,,,,520, - vynechat u TOU pro 1F metr,,,,,
,,,x,x,x,x,,,,,,00:00:00,06:45:00,22:45:00,,,
,,,,,,,x,,,,,00:00:00,06:45:00,22:45:00,,,
,,,,,,,,x,,,,00:00:00,06:45:00,22:45:00,,,
,,,,,,,,,x,,,00:00:00,07:45:00,23:45:00,,,
,,,,,,,,,,x,,00:00:00,07:45:00,23:45:00,,,
,,,,,,,,,,,,,,,,,
ID TOU,PRE jméno,ID,Po,Ut,St,Čt,Pa,So,Ne,Sv,Registry,Zap,Vyp,Zap,Vyp,Zap,Vyp
TC25_003,TOU 535 536 536,38,,,,,,,,,535, - existuje u TOU pro 1F i 3F metr,,,,,
,,,x,x,x,x,,,,,,,00:00:00,01:00:00,06:00:00,13:00:00,16:00:00
,,,,,,,x,,,,,,00:00:00,01:00:00,06:00:00,13:00:00,16:00:00
,,,,,,,,x,,,,,00:00:00,03:00:00,06:00:00,13:00:00,18:00:00
,,,,,,,,,x,,,,00:00:00,04:00:00,07:00:00,13:00:00,18:00:00
,,,,,,,,,,x,,,00:00:00,00:15:00,05:15:00,12:00:00,15:00:00
,,,,,,,,,,,Relé 1,Zap,Vyp,Zap,Vyp,Zap,Vyp
,,36,,,,,,,,,536, - existuje u TOU pro 1F i 3F metr,,,,,
,,,x,x,x,x,,,,,,,00:00:00,01:00:00,06:00:00,13:00:00,16:00:00
,,,,,,,x,,,,,,00:00:00,01:00:00,06:00:00,13:00:00,16:00:00
,,,,,,,,x,,,,,00:00:00,03:00:00,06:00:00,13:00:00,18:00:00
,,,,,,,,,x,,,,00:00:00,04:00:00,07:00:00,13:00:00,18:00:00
,,,,,,,,,,x,,,00:00:00,00:15:00,05:15:00,12:00:00,15:00:00
,,,,,,,,,,,Relé 2,Zap,Vyp,Zap,Vyp,Zap,Vyp
,,36,,,,,,,,,536, - vynechat u TOU pro 1F metr,,,,,
,,,,,,,,,,,,,00:00:00,01:00:00,06:00:00,13:00:00,16:00:00
,,,,,,,,,,,,,00:00:00,01:00:00,06:00:00,13:00:00,16:00:00
,,,,,,,,,,,,,00:00:00,03:00:00,06:00:00,13:00:00,18:00:00
,,,,,,,,,,,,,00:00:00,04:00:00,07:00:00,13:00:00,18:00:00
,,,,,,,,,,,,,00:00:00,00:15:00,05:15:00,12:00:00,15:00:00
,,,,,,,,,,,,,,,,,
ID TOU,PRE jméno,ID,Po,Ut,St,Čt,Pa,So,Ne,Sv,Registry,Zap,Vyp,Zap,Vyp,Zap,Vyp
TC25_004,TOU 524 529 529,59,,,,,,,,,524, - existuje u TOU pro 1F i 3F metr,,,,,
,,,x,x,x,x,,,,,,,00:00:00,03:00:00,06:00:00,13:00:00,18:00:00
,,,,,,,x,,,,,,00:00:00,03:00:00,06:00:00,13:00:00,18:00:00
,,,,,,,,x,,,,,00:00:00,03:00:00,06:00:00,13:00:00,18:00:00
,,,,,,,,,x,,,,00:00:00,04:00:00,07:00:00,13:00:00,18:00:00
,,,,,,,,,,x,,,00:00:00,01:45:00,06:45:00,13:15:00,16:15:00
,,,,,,,,,,,Relé 1,Zap,Vyp,Zap,Vyp,Zap,Vyp
,,57,,,,,,,,,529, - existuje u TOU pro 1F i 3F metr,,,,,
,,,x,x,x,x,,,,,,,00:00:00,03:00:00,06:00:00,13:00:00,18:00:00
,,,,,,,x,,,,,,00:00:00,03:00:00,06:00:00,13:00:00,18:00:00
,,,,,,,,x,,,,,00:00:00,03:00:00,06:00:00,13:00:00,18:00:00
,,,,,,,,,x,,,,00:00:00,04:00:00,07:00:00,13:00:00,18:00:00
,,,,,,,,,,x,,,00:00:00,01:45:00,06:45:00,13:15:00,16:15:00
,,,,,,,,,,,Relé 2,Zap,Vyp,Zap,Vyp,Zap,Vyp
,,57,,,,,,,,,529, - vynechat u TOU pro 1F metr,,,,,
,,,x,x,x,x,,,,,,,00:00:00,03:00:00,06:00:00,13:00:00,18:00:00
,,,,,,,x,,,,,,00:00:00,03:00:00,06:00:00,13:00:00,18:00:00
,,,,,,,,x,,,,,00:00:00,03:00:00,06:00:00,13:00:00,18:00:00
,,,,,,,,,x,,,,00:00:00,04:00:00,07:00:00,13:00:00,18:00:00
,,,,,,,,,,x,,,00:00:00,01:45:00,06:45:00,13:15:00,16:15:00
ID TOU,PRE jméno,ID,Po,Ut,St,Čt,Pa,So,Ne,Sv,Registry,Zap,Vyp,Zap,Vyp,Zap,Vyp
TC27_001,TOU 261 261 263 ,29,,,,,,,,,261,,,,,,
,,,x,x,x,x,,,,,,00:00:00,06:00:00,22:00:00,00:00:00,,
,,,,,,,x,,,,,00:00:00,06:00:00,22:00:00,00:00:00,,
,,,,,,,,x,,,,00:00:00,06:00:00,22:00:00,00:00:00,,
,,,,,,,,,x,,,00:00:00,06:00:00,22:00:00,00:00:00,,
,,,,,,,,,,x,,00:00:00,06:00:00,22:00:00,00:00:00,,
,,,,,,,,,,,Relé 1,Zap,Vyp,Zap,Vyp,Zap,Vyp
,,28,,,,,,,,,261,,,,,,
,,,x,x,x,x,,,,,,00:00:00,06:00:00,22:00:00,00:00:00,,
,,,,,,,x,,,,,00:00:00,06:00:00,22:00:00,00:00:00,,
,,,,,,,,x,,,,00:00:00,06:00:00,22:00:00,00:00:00,,
,,,,,,,,,x,,,00:00:00,06:00:00,22:00:00,00:00:00,,
,,,,,,,,,,x,,00:00:00,06:00:00,22:00:00,00:00:00,,
,,,,,,,,,,,Relé 2,Zap,Vyp,Zap,Vyp,Zap,Vyp
,,28,,,,,,,,,263,,,,,,
,,,x,x,x,x,,,,,,,,,,,
,,,,,,,x,,,,,,,,,,
,,,,,,,,x,,,,,,,,,
,,,,,,,,,x,,,,,,,,
,,,,,,,,,,x,,,,,,,
ID TOU,PRE jméno,ID,Po,Ut,St,Čt,Pa,So,Ne,Sv,Registry,Zap,Vyp,Zap,Vyp,Zap,Vyp
TC35_001,TOU 527 528 532,158,,,,,,,,,527, - existuje u TOU pro 1F i 3F metr,,,,,
,,,x,x,x,x,,,,,,00:00:00,10:45:00,13:45:00,18:00:00,23:00:00,
,,,,,,,x,,,,,00:00:00,11:15:00,14:45:00,18:45:00,23:15:00,
,,,,,,,,x,,,,00:00:00,00:15:00,03:15:00,07:15:00,12:15:00,
,,,,,,,,,x,,,00:00:00,10:45:00,13:45:00,18:00:00,23:00:00,
,,,,,,,,,,x,,00:00:00,11:15:00,15:00:00,19:00:00,23:15:00,
,,,,,,,,,,,Relé 1,Zap,Vyp,Zap,Vyp,Zap,Vyp
,,159,,,,,,,,,528, - existuje u TOU pro 1F i 3F metr,,,,,
,,,x,x,x,x,,,,,,00:00:00,10:45:00,13:45:00,18:00:00,23:00:00,
,,,,,,,x,,,,,00:00:00,11:15:00,14:45:00,18:45:00,23:15:00,
,,,,,,,,x,,,,00:00:00,00:15:00,03:15:00,07:15:00,12:15:00,
,,,,,,,,,x,,,00:00:00,10:45:00,13:45:00,18:00:00,23:00:00,
,,,,,,,,,,x,,00:00:00,11:15:00,15:00:00,19:00:00,23:15:00,
,,,,,,,,,,,Relé 2,Zap,Vyp,Zap,Vyp,Zap,Vyp
,,160,,,,,,,,,532, - vynechat u TOU pro 1F metr,,,,,
,,,x,x,x,x,,,,,,,00:00:00,01:00:00,06:00:00,14:00:00,17:00:00
,,,,,,,x,,,,,,00:00:00,01:00:00,06:00:00,14:45:00,17:45:00
,,,,,,,,x,,,,,00:00:00,03:15:00,06:15:00,12:15:00,17:15:00
,,,,,,,,,x,,,,00:00:00,01:45:00,06:45:00,13:45:00,16:45:00
,,,,,,,,,,x,,,00:00:00,01:00:00,06:00:00,15:00:00,18:00:00
ID TOU,PRE jméno,ID,Po,Ut,St,Čt,Pa,So,Ne,Sv,Registry,Zap,Vyp,Zap,Vyp,Zap,Vyp,Zap,Vyp,Zap,Vyp,Zap,Vyp,Zap
TC45_001,TOU 549 550 553,23,,,,,,,,,549, - existuje u TOU pro 1F i 3F metr,,,,,,,,,,,,
,,,x,x,x,x,,,,,,00:00:00,02:15:00,03:00:00,07:00:00,07:45:00,11:30:00,12:00:00,15:00:00,15:45:00,18:45:00,19:15:00,22:15:00,23:00:00
,,,,,,,x,,,,,00:00:00,02:15:00,03:00:00,07:00:00,07:45:00,11:30:00,12:00:00,15:00:00,15:45:00,18:45:00,19:15:00,22:15:00,23:00:00
,,,,,,,,x,,,,00:00:00,02:15:00,03:00:00,07:00:00,07:45:00,11:30:00,12:00:00,15:00:00,15:45:00,18:45:00,19:15:00,22:15:00,23:00:00
,,,,,,,,,x,,,00:00:00,02:15:00,03:00:00,07:00:00,07:45:00,11:30:00,12:00:00,15:00:00,15:45:00,18:45:00,19:15:00,22:15:00,23:00:00
,,,,,,,,,,x,,00:00:00,01:00:00,01:45:00,05:45:00,06:15:00,09:30:00,10:15:00,14:00:00,14:45:00,17:45:00,18:15:00,21:15:00,22:00:00
,,,,,,,,,,,Relé 1,Zap,Vyp,Zap,Vyp,Zap,Vyp,Zap,Vyp,Zap,Vyp,Zap,Vyp,Zap
,,22,,,,,,,,,550, - existuje u TOU pro 1F i 3F metr,,,,,,,,,,,,
,,,x,x,x,x,,,,,,00:00:00,02:15:00,03:00:00,07:00:00,07:45:00,11:30:00,12:00:00,15:00:00,15:45:00,18:45:00,19:15:00,22:15:00,23:00:00
,,,,,,,x,,,,,00:00:00,02:15:00,03:00:00,07:00:00,07:45:00,11:30:00,12:00:00,15:00:00,15:45:00,18:45:00,19:15:00,22:15:00,23:00:00
,,,,,,,,x,,,,00:00:00,02:15:00,03:00:00,07:00:00,07:45:00,11:30:00,12:00:00,15:00:00,15:45:00,18:45:00,19:15:00,22:15:00,23:00:00
,,,,,,,,,x,,,00:00:00,02:15:00,03:00:00,07:00:00,07:45:00,11:30:00,12:00:00,15:00:00,15:45:00,18:45:00,19:15:00,22:15:00,23:00:00
,,,,,,,,,,x,,00:00:00,01:00:00,01:45:00,05:45:00,06:15:00,09:30:00,10:15:00,14:00:00,14:45:00,17:45:00,18:15:00,21:15:00,22:00:00
,,,,,,,,,,,Relé 2,Zap,Vyp,Zap,Vyp,Zap,Vyp,Zap,Vyp,Zap,Vyp,Zap,Vyp,Zap
,,69,,,,,,,,,553, - vynechat u TOU pro 1F metr,,,,,,,,,,,,
,,,x,x,x,x,,,,,,,00:00:00,00:15:00,02:15:00,03:00:00,06:00:00,12:00:00,15:00:00,,,,,
,,,,,,,x,,,,,,00:00:00,00:15:00,02:15:00,03:00:00,06:15:00,15:45:00,18:30:00,,,,,
,,,,,,,,x,,,,,00:00:00,03:00:00,06:00:00,12:00:00,15:00:00,15:45:00,17:45:00,,,,,
,,,,,,,,,x,,,,00:00:00,03:45:00,06:45:00,12:00:00,15:00:00,15:45:00,17:45:00,,,,,
,,,,,,,,,,x,,,00:00:00,01:45:00,05:45:00,06:15:00,07:30:00,14:45:00,17:30:00,,,,,
,,,,,,,,,,,,,,,,,,,,,,,,
ID TOU,PRE jméno,ID,Po,Ut,St,Čt,Pa,So,Ne,Sv,Registry,Zap,Vyp,Zap,Vyp,Zap,Vyp,Zap,Vyp,Zap,Vyp,Zap,Vyp,Zap
TC45_002,TOU 597 598 601,26,,,,,,,,,597, - existuje u TOU pro 1F i 3F metr,,,,,,,,,,,,
,,,x,x,x,x,,,,,,00:00:00,00:15:00,01:00:00,04:00:00,04:45:00,08:30:00,09:00:00,13:15:00,14:00:00,17:00:00,17:45:00,20:45:00,21:15:00
,,,,,,,x,,,,,00:00:00,00:15:00,01:00:00,04:00:00,04:45:00,09:00:00,09:45:00,13:30:00,14:00:00,17:00:00,17:45:00,20:45:00,21:15:00
,,,,,,,,x,,,,00:00:00,00:15:00,01:00:00,04:00:00,04:45:00,09:00:00,09:45:00,13:30:00,14:00:00,17:00:00,17:45:00,20:45:00,21:15:00
,,,,,,,,,x,,,00:00:00,00:15:00,01:00:00,04:00:00,04:45:00,09:00:00,09:45:00,13:30:00,14:00:00,17:00:00,17:45:00,20:45:00,21:15:00
,,,,,,,,,,x,,00:00:00,01:15:00,02:00:00,06:00:00,06:45:00,10:00:00,10:45:00,14:30:00,15:00:00,18:00:00,18:45:00,21:45:00,22:15:00
,,,,,,,,,,,Relé 1,Zap,Vyp,Zap,Vyp,Zap,Vyp,Zap,Vyp,Zap,Vyp,Zap,Vyp,Zap
,,25,,,,,,,,,598, - existuje u TOU pro 1F i 3F metr,,,,,,,,,,,,
,,,x,x,x,x,,,,,,00:00:00,00:15:00,01:00:00,04:00:00,04:45:00,08:30:00,09:00:00,13:15:00,14:00:00,17:00:00,17:45:00,20:45:00,21:15:00
,,,,,,,x,,,,,00:00:00,00:15:00,01:00:00,04:00:00,04:45:00,09:00:00,09:45:00,13:30:00,14:00:00,17:00:00,17:45:00,20:45:00,21:15:00
,,,,,,,,x,,,,00:00:00,00:15:00,01:00:00,04:00:00,04:45:00,09:00:00,09:45:00,13:30:00,14:00:00,17:00:00,17:45:00,20:45:00,21:15:00
,,,,,,,,,x,,,00:00:00,00:15:00,01:00:00,04:00:00,04:45:00,09:00:00,09:45:00,13:30:00,14:00:00,17:00:00,17:45:00,20:45:00,21:15:00
,,,,,,,,,,x,,00:00:00,01:15:00,02:00:00,06:00:00,06:45:00,10:00:00,10:45:00,14:30:00,15:00:00,18:00:00,18:45:00,21:45:00,22:15:00
,,,,,,,,,,,Relé 2,Zap,Vyp,Zap,Vyp,Zap,Vyp,Zap,Vyp,Zap,Vyp,Zap,Vyp,Zap
,,27,,,,,,,,,601, - vynechat u TOU pro 1F metr,,,,,,,,,,,,
,,,x,x,x,x,,,,,,01:00:00,04:00:00,04:45:00,06:45:00,14:00:00,17:00:00,,,,,,,
,,,,,,,x,,,,,01:00:00,04:00:00,04:45:00,06:45:00,14:00:00,17:00:00,,,,,,,
,,,,,,,,x,,,,01:15:00,04:00:00,11:00:00,13:15:00,14:00:00,17:00:00,,,,,,,
,,,,,,,,,x,,,02:00:00,04:00:00,04:45:00,07:45:00,14:00:00,17:00:00,,,,,,,
,,,,,,,,,,x,,02:00:00,06:00:00,06:45:00,08:00:00,15:00:00,17:45:00,,,,,,,
ID TOU,PRE jméno,ID,Po,Ut,St,Čt,Pa,So,Ne,Sv,Registry,Zap,Vyp,Zap,Vyp,Zap,Vyp,Zap,Vyp,Zap,Vyp,Zap,Vyp,Zap
TC46_001  ,TOU 493 494 495,493,,,,,,,,,493, - existuje u TOU pro 1F i 3F metr,,,,,,,,,,,,
,,,x,x,x,x,,,,,,00:00:00,01:00:00,01:45:00,06:30:00,07:00:00,10:00:00,10:45:00,13:45:00,14:30:00,17:45:00,18:15:00,21:15:00,22:00:00
,,,,,,,x,,,,,00:00:00,01:00:00,01:45:00,06:45:00,07:15:00,10:15:00,11:00:00,14:00:00,14:45:00,17:45:00,18:15:00,21:15:00,22:00:00
,,,,,,,,x,,,,00:00:00,02:15:00,03:00:00,06:15:00,07:00:00,10:00:00,10:45:00,13:45:00,14:15:00,18:15:00,19:00:00,22:00:00,22:30:00
,,,,,,,,,x,,,00:00:00,01:00:00,01:45:00,06:30:00,07:00:00,10:00:00,10:45:00,13:45:00,14:15:00,17:30:00,18:15:00,21:15:00,22:00:00
,,,,,,,,,,x,,00:00:00,01:45:00,02:15:00,06:15:00,07:00:00,11:00:00,11:45:00,14:45:00,15:15:00,18:15:00,19:00:00,22:00:00,22:45:00
,,,,,,,,,,,Relé 1,Zap,Vyp,Zap,Vyp,Zap,Vyp,Zap,Vyp,Zap,Vyp,Zap,Vyp,Zap
,,494,,,,,,,,,494, - existuje u TOU pro 1F i 3F metr,,,,,,,,,,,,
,,,x,x,x,x,,,,,,00:00:00,01:00:00,01:45:00,06:30:00,07:00:00,10:00:00,10:45:00,13:45:00,14:30:00,17:45:00,18:15:00,21:15:00,22:00:00
,,,,,,,x,,,,,00:00:00,01:00:00,01:45:00,06:45:00,07:15:00,10:15:00,11:00:00,14:00:00,14:45:00,17:45:00,18:15:00,21:15:00,22:00:00
,,,,,,,,x,,,,00:00:00,02:15:00,03:00:00,06:15:00,07:00:00,10:00:00,10:45:00,13:45:00,14:15:00,18:15:00,19:00:00,22:00:00,22:30:00
,,,,,,,,,x,,,00:00:00,01:00:00,01:45:00,06:30:00,07:00:00,10:00:00,10:45:00,13:45:00,14:15:00,17:30:00,18:15:00,21:15:00,22:00:00
,,,,,,,,,,x,,00:00:00,01:45:00,02:15:00,06:15:00,07:00:00,11:00:00,11:45:00,14:45:00,15:15:00,18:15:00,19:00:00,22:00:00,22:45:00
,,,,,,,,,,,Relé 2,Zap,Vyp,Zap,Vyp,Zap,Vyp,Zap,Vyp,Zap,Vyp,Zap,Vyp,Zap
,,495,,,,,,,,,495, - vynechat u TOU pro 1F metr,,,,,,,,,,,,
,,,x,x,x,x,,,,,,02:00:00,05:00:00,10:45:00,13:45:00,14:30:00,16:30:00,,,,,,,
,,,,,,,x,,,,,02:00:00,06:00:00,12:00:00,14:00:00,14:45:00,16:45:00,,,,,,,
,,,,,,,,x,,,,00:15:00,02:15:00,03:00:00,06:15:00,14:15:00,17:00:00,,,,,,,
,,,,,,,,,x,,,03:00:00,06:15:00,07:00:00,09:00:00,14:15:00,17:00:00,,,,,,,
,,,,,,,,,,x,,02:15:00,06:15:00,07:00:00,08:15:00,15:15:00,18:00:00,,,,,,,
ID TOU,PRE jméno,ID,Po,Ut,St,Čt,Pa,So,Ne,Sv,Registry,Zap,Vyp,Zap,Vyp,Zap,Vyp,Zap
TC55_001,TOU 517 518 521,45,,,,,,,,,517, - existuje u TOU pro 1F i 3F metr,,,,,,
,,,x,x,x,x,,,,,,00:00:00,01:00:00,01:45:00,11:45:00,12:15:00,18:15:00,19:00:00
,,,,,,,x,,,,,00:00:00,01:00:00,01:45:00,11:45:00,12:15:00,18:15:00,19:00:00
,,,,,,,,x,,,,00:00:00,02:00:00,02:45:00,12:30:00,13:00:00,19:15:00,20:00:00
,,,,,,,,,x,,,00:00:00,05:00:00,05:45:00,12:30:00,13:00:00,19:15:00,20:00:00
,,,,,,,,,,x,,00:00:00,07:00:00,07:45:00,14:30:00,15:00:00,22:00:00,22:45:00
,,,,,,,,,,,Relé 1,Zap,Vyp,Zap,Vyp,Zap,Vyp,Zap
,,54,,,,,,,,,518, - existuje u TOU pro 1F i 3F metr,,,,,,
,,,x,x,x,x,,,,,,00:00:00,01:00:00,01:45:00,11:45:00,12:15:00,18:15:00,19:00:00
,,,,,,,x,,,,,00:00:00,01:00:00,01:45:00,11:45:00,12:15:00,18:15:00,19:00:00
,,,,,,,,x,,,,00:00:00,02:00:00,02:45:00,12:30:00,13:00:00,19:15:00,20:00:00
,,,,,,,,,x,,,00:00:00,05:00:00,05:45:00,12:30:00,13:00:00,19:15:00,20:00:00
,,,,,,,,,,x,,00:00:00,07:00:00,07:45:00,14:30:00,15:00:00,22:00:00,22:45:00
,,,,,,,,,,,Relé 2,Zap,Vyp,Zap,Vyp,Zap,Vyp,Zap
,,68,,,,,,,,,521, - vynechat u TOU pro 1F metr,,,,,,
,,,x,x,x,x,,,,,,,00:00:00,03:00:00,07:45:00,13:45:00,17:00:00,
,,,,,,,x,,,,,,00:00:00,01:45:00,06:45:00,13:00:00,16:00:00,
,,,,,,,,x,,,,,00:00:00,03:00:00,07:45:00,13:45:00,17:00:00,
,,,,,,,,,x,,,,00:00:00,01:00:00,05:00:00,13:00:00,17:00:00,
,,,,,,,,,,x,,,00:00:00,01:15:00,06:15:00,15:00:00,18:00:00,
ID TOU,PRE jméno,ID,Po,Ut,St,Čt,Pa,So,Ne,Sv,Registry,Zap,Vyp,Zap,Vyp,Zap,Vyp
TD25_001,TOU 503 504 504,32,,,,,,,,,503, - existuje u TOU pro 1F i 3F metr,,,,,
,,,x,x,x,x,,,,,,,00:00:00,01:00:00,06:00:00,13:00:00,16:00:00
,,,,,,,x,,,,,,00:00:00,01:00:00,06:00:00,13:00:00,16:00:00
,,,,,,,,x,,,,,00:00:00,03:00:00,06:00:00,13:00:00,18:00:00
,,,,,,,,,x,,,,00:00:00,04:00:00,07:00:00,13:00:00,18:00:00
,,,,,,,,,,x,,,00:00:00,00:15:00,05:15:00,12:00:00,15:00:00
,,,,,,,,,,,Relé 1,Zap,Vyp,Zap,Vyp,Zap,Vyp
,,30,,,,,,,,,504, - existuje u TOU pro 1F i 3F metr,,,,,
,,,x,x,x,x,,,,,,,00:00:00,01:00:00,06:00:00,13:00:00,16:00:00
,,,,,,,x,,,,,,00:00:00,01:00:00,06:00:00,13:00:00,16:00:00
,,,,,,,,x,,,,,00:00:00,03:00:00,06:00:00,13:00:00,18:00:00
,,,,,,,,,x,,,,00:00:00,04:00:00,07:00:00,13:00:00,18:00:00
,,,,,,,,,,x,,,00:00:00,00:15:00,05:15:00,12:00:00,15:00:00
,,,,,,,,,,,Relé 2,Zap,Vyp,Zap,Vyp,Zap,Vyp
,,30,,,,,,,,,504, - pouze u 3F metru,,,,,
,,,x,x,x,x,,,,,,,00:00:00,01:00:00,06:00:00,13:00:00,16:00:00
,,,,,,,x,,,,,,00:00:00,01:00:00,06:00:00,13:00:00,16:00:00
,,,,,,,,x,,,,,00:00:00,03:00:00,06:00:00,13:00:00,18:00:00
,,,,,,,,,x,,,,00:00:00,04:00:00,07:00:00,13:00:00,18:00:00
,,,,,,,,,,x,,,00:00:00,00:15:00,05:15:00,12:00:00,15:00:00
,,,,,,,,,,,,,,,,,
ID TOU,PRE jméno,ID,Po,Ut,St,Čt,Pa,So,Ne,Sv,Registry,Zap,Vyp,Zap,Vyp,Zap,Vyp
TD25_002,TOU 540 545 545,90,,,,,,,,,540, - existuje u TOU pro 1F i 3F metr,,,,,
,,,x,x,x,x,,,,,,,00:00:00,03:00:00,06:00:00,13:00:00,18:00:00
,,,,,,,x,,,,,,00:00:00,01:00:00,06:00:00,13:00:00,16:00:00
,,,,,,,,x,,,,,00:00:00,03:00:00,06:00:00,13:00:00,18:00:00
,,,,,,,,,x,,,,00:00:00,04:00:00,07:00:00,13:00:00,18:00:00
,,,,,,,,,,x,,,00:00:00,01:45:00,06:45:00,13:15:00,16:15:00
,,,,,,,,,,,Relé 1,Zap,Vyp,Zap,Vyp,Zap,Vyp
,,91,,,,,,,,,545, - existuje u TOU pro 1F i 3F metr,,,,,
,,,x,x,x,x,,,,,,,00:00:00,03:00:00,06:00:00,13:00:00,18:00:00
,,,,,,,x,,,,,,00:00:00,01:00:00,06:00:00,13:00:00,16:00:00
,,,,,,,,x,,,,,00:00:00,03:00:00,06:00:00,13:00:00,18:00:00
,,,,,,,,,x,,,,00:00:00,04:00:00,07:00:00,13:00:00,18:00:00
,,,,,,,,,,x,,,00:00:00,01:45:00,06:45:00,13:15:00,16:15:00
,,,,,,,,,,,Relé 2,Zap,Vyp,Zap,Vyp,Zap,Vyp
,,30,,,,,,,,,545, - pouze u 3F metru,,,,,
,,,x,x,x,x,,,,,,,00:00:00,03:00:00,06:00:00,13:00:00,18:00:00
,,,,,,,x,,,,,,00:00:00,01:00:00,06:00:00,13:00:00,16:00:00
,,,,,,,,x,,,,,00:00:00,03:00:00,06:00:00,13:00:00,18:00:00
,,,,,,,,,x,,,,00:00:00,04:00:00,07:00:00,13:00:00,18:00:00
,,,,,,,,,,x,,,00:00:00,01:45:00,06:45:00,13:15:00,16:15:00
,,,,,,,,,,,,,,,,,
ID TOU,PRE jméno,ID,Po,Ut,St,Čt,Pa,So,Ne,Sv,Registry,Zap,Vyp,Zap,Vyp,Zap,Vyp
TD25_003,TOU 551 552 552,46,,,,,,,,,551, - existuje u TOU pro 1F i 3F metr,,,,,
,,,x,x,x,x,,,,,,00:00:00,06:45:00,22:45:00,,,
,,,,,,,x,,,,,00:00:00,06:45:00,22:45:00,,,
,,,,,,,,x,,,,00:00:00,06:45:00,22:45:00,,,
,,,,,,,,,x,,,00:00:00,07:45:00,23:45:00,,,
,,,,,,,,,,x,,00:00:00,07:45:00,23:45:00,,,
,,,,,,,,,,,Relé 1,Zap,Vyp,Zap,Vyp,Zap,Vyp
,,43,,,,,,,,,552, - existuje u TOU pro 1F i 3F metr,,,,,
,,,x,x,x,x,,,,,,00:00:00,06:45:00,22:45:00,,,
,,,,,,,x,,,,,00:00:00,06:45:00,22:45:00,,,
,,,,,,,,x,,,,00:00:00,06:45:00,22:45:00,,,
,,,,,,,,,x,,,00:00:00,07:45:00,23:45:00,,,
,,,,,,,,,,x,,00:00:00,07:45:00,23:45:00,,,
,,,,,,,,,,,Relé 2,Zap,Vyp,Zap,Vyp,Zap,Vyp
,,43,,,,,,,,,552, - pouze u 3F metru,,,,,
,,,x,x,x,x,,,,,,00:00:00,06:45:00,22:45:00,,,
,,,,,,,x,,,,,00:00:00,06:45:00,22:45:00,,,
,,,,,,,,x,,,,00:00:00,06:45:00,22:45:00,,,
,,,,,,,,,x,,,00:00:00,07:45:00,23:45:00,,,
,,,,,,,,,,x,,00:00:00,07:45:00,23:45:00,,,
,,,,,,,,,,,,,,,,,
ID TOU,PRE jméno,ID,Po,Ut,St,Čt,Pa,So,Ne,Sv,Registry,Zap,Vyp,Zap,Vyp,Zap,Vyp
TD25_004,TOU 567 568 568,46,,,,,,,,,567, - existuje u TOU pro 1F i 3F metr,,,,,
,,,x,x,x,x,,,,,,,00:00:00,01:00:00,06:00:00,13:00:00,16:00:00
,,,,,,,x,,,,,,00:00:00,01:00:00,06:00:00,13:00:00,16:00:00
,,,,,,,,x,,,,,00:00:00,03:00:00,06:00:00,13:00:00,18:00:00
,,,,,,,,,x,,,,00:00:00,04:00:00,07:00:00,13:00:00,18:00:00
,,,,,,,,,,x,,,00:00:00,00:15:00,05:15:00,12:00:00,15:00:00
,,,,,,,,,,,Relé 1,Zap,Vyp,Zap,Vyp,Zap,Vyp
,,47,,,,,,,,,568, - existuje u TOU pro 1F i 3F metr,,,,,
,,,x,x,x,x,,,,,,,00:00:00,01:00:00,06:00:00,13:00:00,16:00:00
,,,,,,,x,,,,,,00:00:00,01:00:00,06:00:00,13:00:00,16:00:00
,,,,,,,,x,,,,,00:00:00,03:00:00,06:00:00,13:00:00,18:00:00
,,,,,,,,,x,,,,00:00:00,04:00:00,07:00:00,13:00:00,18:00:00
,,,,,,,,,,x,,,00:00:00,00:15:00,05:15:00,12:00:00,15:00:00
,,,,,,,,,,,Relé 2,Zap,Vyp,Zap,Vyp,Zap,Vyp
,,47,,,,,,,,,568, - pouze u 3F metru,,,,,
,,,x,x,x,x,,,,,,,00:00:00,01:00:00,06:00:00,13:00:00,16:00:00
,,,,,,,x,,,,,,00:00:00,01:00:00,06:00:00,13:00:00,16:00:00
,,,,,,,,x,,,,,00:00:00,03:00:00,06:00:00,13:00:00,18:00:00
,,,,,,,,,x,,,,00:00:00,04:00:00,07:00:00,13:00:00,18:00:00
,,,,,,,,,,x,,,00:00:00,00:15:00,05:15:00,12:00:00,15:00:00
,,,,,,,,,,,,,,,,,
ID TOU,PRE jméno,ID,Po,Ut,St,Čt,Pa,So,Ne,Sv,Registry,Zap,Vyp,Zap,Vyp,Zap,Vyp
TD25_005,TOU 508 513 513,53,,,,,,,,,508, - existuje u TOU pro 1F i 3F metr,,,,,
,,,x,x,x,x,,,,,,,00:00:00,01:00:00,06:00:00,13:00:00,16:00:00
,,,,,,,x,,,,,,00:00:00,01:00:00,06:00:00,13:00:00,16:00:00
,,,,,,,,x,,,,,00:00:00,03:00:00,06:00:00,13:00:00,18:00:00
,,,,,,,,,x,,,,00:00:00,03:45:00,06:45:00,13:00:00,18:00:00
,,,,,,,,,,x,,,00:00:00,01:15:00,06:15:00,13:00:00,16:00:00
,,,,,,,,,,,Relé 1,Zap,Vyp,Zap,Vyp,Zap,Vyp
,,52,,,,,,,,,513, - existuje u TOU pro 1F i 3F metr,,,,,
,,,x,x,x,x,,,,,,,00:00:00,01:00:00,06:00:00,13:00:00,16:00:00
,,,,,,,x,,,,,,00:00:00,01:00:00,06:00:00,13:00:00,16:00:00
,,,,,,,,x,,,,,00:00:00,03:00:00,06:00:00,13:00:00,18:00:00
,,,,,,,,,x,,,,00:00:00,03:45:00,06:45:00,13:00:00,18:00:00
,,,,,,,,,,x,,,00:00:00,01:15:00,06:15:00,13:00:00,16:00:00
,,,,,,,,,,,Relé 2,Zap,Vyp,Zap,Vyp,Zap,Vyp
,,52,,,,,,,,,513, - pouze u 3F metru,,,,,
,,,x,x,x,x,,,,,,,00:00:00,01:00:00,06:00:00,13:00:00,16:00:00
,,,,,,,x,,,,,,00:00:00,01:00:00,06:00:00,13:00:00,16:00:00
,,,,,,,,x,,,,,00:00:00,03:00:00,06:00:00,13:00:00,18:00:00
,,,,,,,,,x,,,,00:00:00,03:45:00,06:45:00,13:00:00,18:00:00
,,,,,,,,,,x,,,00:00:00,01:15:00,06:15:00,13:00:00,16:00:00
,,,,,,,,,,,,,,,,,
ID TOU,PRE jméno,ID,Po,Ut,St,Čt,Pa,So,Ne,Sv,Registry,Zap,Vyp,Zap,Vyp,Zap,Vyp
TD25_006,TOU 556 561 561,93,,,,,,,,,556, - existuje u TOU pro 1F i 3F metr,,,,,
,,,x,x,x,x,,,,,,,00:00:00,00:45:00,05:45:00,13:00:00,16:00:00
,,,,,,,x,,,,,,00:00:00,01:00:00,06:00:00,13:00:00,16:00:00
,,,,,,,,x,,,,,00:00:00,03:00:00,06:00:00,13:00:00,18:00:00
,,,,,,,,,x,,,,00:00:00,04:00:00,07:00:00,13:00:00,18:00:00
,,,,,,,,,,x,,,00:00:00,02:15:00,07:15:00,13:45:00,16:45:00
,,,,,,,,,,,Relé 1,Zap,Vyp,Zap,Vyp,Zap,Vyp
,,94,,,,,,,,,561, - existuje u TOU pro 1F i 3F metr,,,,,
,,,x,x,x,x,,,,,,,00:00:00,00:45:00,05:45:00,13:00:00,16:00:00
,,,,,,,x,,,,,,00:00:00,01:00:00,06:00:00,13:00:00,16:00:00
,,,,,,,,x,,,,,00:00:00,03:00:00,06:00:00,13:00:00,18:00:00
,,,,,,,,,x,,,,00:00:00,04:00:00,07:00:00,13:00:00,18:00:00
,,,,,,,,,,x,,,00:00:00,02:15:00,07:15:00,13:45:00,16:45:00
,,,,,,,,,,,Relé 2,Zap,Vyp,Zap,Vyp,Zap,Vyp
,,94,,,,,,,,,561, - pouze u 3F metru,,,,,
,,,x,x,x,x,,,,,,,00:00:00,00:45:00,05:45:00,13:00:00,16:00:00
,,,,,,,x,,,,,,00:00:00,01:00:00,06:00:00,13:00:00,16:00:00
,,,,,,,,x,,,,,00:00:00,03:00:00,06:00:00,13:00:00,18:00:00
,,,,,,,,,x,,,,00:00:00,04:00:00,07:00:00,13:00:00,18:00:00
,,,,,,,,,,x,,,00:00:00,02:15:00,07:15:00,13:45:00,16:45:00
,,,,,,,,,,,,,,,,,
ID TOU,PRE jméno,ID,Po,Ut,St,Čt,Pa,So,Ne,Sv,Registry,Zap,Vyp,Zap,Vyp,Zap,Vyp
TD25_007,TOU 599 600 600,55,,,,,,,,,599, - existuje u TOU pro 1F i 3F metr,,,,,
,,,x,x,x,x,,,,,,,00:00:00,01:00:00,06:00:00,13:00:00,16:00:00
,,,,,,,x,,,,,,00:00:00,01:00:00,06:00:00,13:00:00,16:00:00
,,,,,,,,x,,,,,00:00:00,03:00:00,06:00:00,13:00:00,18:00:00
,,,,,,,,,x,,,,00:00:00,04:00:00,07:00:00,13:00:00,18:00:00
,,,,,,,,,,x,,,00:00:00,00:45:00,05:45:00,12:15:00,15:15:00
,,,,,,,,,,,Relé 1,Zap,Vyp,Zap,Vyp,Zap,Vyp
,,95,,,,,,,,,600, - existuje u TOU pro 1F i 3F metr,,,,,
,,,x,x,x,x,,,,,,,00:00:00,01:00:00,06:00:00,13:00:00,16:00:00
,,,,,,,x,,,,,,00:00:00,01:00:00,06:00:00,13:00:00,16:00:00
,,,,,,,,x,,,,,00:00:00,03:00:00,06:00:00,13:00:00,18:00:00
,,,,,,,,,x,,,,00:00:00,04:00:00,07:00:00,13:00:00,18:00:00
,,,,,,,,,,x,,,00:00:00,00:45:00,05:45:00,12:15:00,15:15:00
,,,,,,,,,,,Relé 2,Zap,Vyp,Zap,Vyp,Zap,Vyp
,,95,,,,,,,,,600, - pouze u 3F metru,,,,,
,,,x,x,x,x,,,,,,,00:00:00,01:00:00,06:00:00,13:00:00,16:00:00
,,,,,,,x,,,,,,00:00:00,01:00:00,06:00:00,13:00:00,16:00:00
,,,,,,,,x,,,,,00:00:00,03:00:00,06:00:00,13:00:00,18:00:00
,,,,,,,,,x,,,,00:00:00,04:00:00,07:00:00,13:00:00,18:00:00
,,,,,,,,,,x,,,00:00:00,00:45:00,05:45:00,12:15:00,15:15:00
,,,,,,,,,,,,,,,,,
ID TOU,PRE jméno,ID,Po,Ut,St,Čt,Pa,So,Ne,Sv,Registry,Zap,Vyp,Zap,Vyp,Zap,Vyp
TD25_008,TOU 490 491 491,237,,,,,,,,,490, - existuje u TOU pro 1F i 3F metr,,,,,
,,,x,x,x,x,,,,,,,00:00:00,01:00:00,06:00:00,13:00:00,16:00:00
,,,,,,,x,,,,,,00:00:00,01:00:00,06:00:00,13:00:00,16:00:00
,,,,,,,,x,,,,,00:00:00,03:00:00,06:00:00,13:00:00,18:00:00
,,,,,,,,,x,,,,00:00:00,04:00:00,07:00:00,13:00:00,18:00:00
,,,,,,,,,,x,,,00:00:00,03:00:00,08:00:00,14:00:00,17:00:00
,,,,,,,,,,,Relé 1,Zap,Vyp,Zap,Vyp,Zap,Vyp
,,242,,,,,,,,,491, - existuje u TOU pro 1F i 3F metr,,,,,
,,,x,x,x,x,,,,,,,00:00:00,01:00:00,06:00:00,13:00:00,16:00:00
,,,,,,,x,,,,,,00:00:00,01:00:00,06:00:00,13:00:00,16:00:00
,,,,,,,,x,,,,,00:00:00,03:00:00,06:00:00,13:00:00,18:00:00
,,,,,,,,,x,,,,00:00:00,04:00:00,07:00:00,13:00:00,18:00:00
,,,,,,,,,,x,,,00:00:00,03:00:00,08:00:00,14:00:00,17:00:00
,,,,,,,,,,,Relé 2,Zap,Vyp,Zap,Vyp,Zap,Vyp
,,242,,,,,,,,,491, - pouze u 3F metru,,,,,
,,,x,x,x,x,,,,,,,00:00:00,01:00:00,06:00:00,13:00:00,16:00:00
,,,,,,,x,,,,,,00:00:00,01:00:00,06:00:00,13:00:00,16:00:00
,,,,,,,,x,,,,,00:00:00,03:00:00,06:00:00,13:00:00,18:00:00
,,,,,,,,,x,,,,00:00:00,04:00:00,07:00:00,13:00:00,18:00:00
,,,,,,,,,,x,,,00:00:00,03:00:00,08:00:00,14:00:00,17:00:00
,,,,,,,,,,,,,,,,,
ID TOU,PRE jméno,ID,Po,Ut,St,Čt,Pa,So,Ne,Sv,Registry,Zap,Vyp,Zap,Vyp,Zap,Vyp
TD25_009,TOU 492 497 497,50,,,,,,,,,492, - existuje u TOU pro 1F i 3F metr,,,,,
,,,x,x,x,x,,,,,,,00:00:00,01:00:00,06:00:00,13:00:00,16:00:00
,,,,,,,x,,,,,,00:00:00,01:00:00,06:00:00,13:00:00,16:00:00
,,,,,,,,x,,,,,00:00:00,03:00:00,06:00:00,13:00:00,18:00:00
,,,,,,,,,x,,,,00:00:00,03:45:00,06:45:00,13:00:00,18:00:00
,,,,,,,,,,x,,,00:00:00,01:00:00,06:00:00,12:45:00,15:45:00
,,,,,,,,,,,Relé 1,Zap,Vyp,Zap,Vyp,Zap,Vyp
,,49,,,,,,,,,497, - existuje u TOU pro 1F i 3F metr,,,,,
,,,x,x,x,x,,,,,,,00:00:00,01:00:00,06:00:00,13:00:00,16:00:00
,,,,,,,x,,,,,,00:00:00,01:00:00,06:00:00,13:00:00,16:00:00
,,,,,,,,x,,,,,00:00:00,03:00:00,06:00:00,13:00:00,18:00:00
,,,,,,,,,x,,,,00:00:00,03:45:00,06:45:00,13:00:00,18:00:00
,,,,,,,,,,x,,,00:00:00,01:00:00,06:00:00,12:45:00,15:45:00
,,,,,,,,,,,Relé 2,Zap,Vyp,Zap,Vyp,Zap,Vyp
,,49,,,,,,,,,497, - pouze u 3F metru,,,,,
,,,x,x,x,x,,,,,,,00:00:00,01:00:00,06:00:00,13:00:00,16:00:00
,,,,,,,x,,,,,,00:00:00,01:00:00,06:00:00,13:00:00,16:00:00
,,,,,,,,x,,,,,00:00:00,03:00:00,06:00:00,13:00:00,18:00:00
,,,,,,,,,x,,,,00:00:00,03:45:00,06:45:00,13:00:00,18:00:00
,,,,,,,,,,x,,,00:00:00,01:00:00,06:00:00,12:45:00,15:45:00
ID TOU,PRE jméno,ID,Po,Ut,St,Čt,Pa,So,Ne,Sv,Registry,Zap,Vyp,Zap,Vyp,Zap,Vyp
TD27_001,TOU 262 262 263,29,,,,,,,,,262,,,,,,
,,,x,x,x,x,,,,,,00:00:00,06:00:00,22:00:00,00:00:00,,
,,,,,,,x,,,,,00:00:00,06:00:00,22:00:00,00:00:00,,
,,,,,,,,x,,,,00:00:00,06:00:00,22:00:00,00:00:00,,
,,,,,,,,,x,,,00:00:00,06:00:00,22:00:00,00:00:00,,
,,,,,,,,,,x,,00:00:00,06:00:00,22:00:00,00:00:00,,
,,,,,,,,,,,262,Zap,Vyp,Zap,Vyp,Zap,Vyp
,,28,,,,,,,,,7,,,,,,
,,,x,x,x,x,,,,,,00:00:00,06:00:00,22:00:00,00:00:00,,
,,,,,,,x,,,,,00:00:00,06:00:00,22:00:00,00:00:00,,
,,,,,,,,x,,,,00:00:00,06:00:00,22:00:00,00:00:00,,
,,,,,,,,,x,,,00:00:00,06:00:00,22:00:00,00:00:00,,
,,,,,,,,,,x,,00:00:00,06:00:00,22:00:00,00:00:00,,
,,,,,,,,,,,263,Zap,Vyp,Zap,Vyp,Zap,Vyp
,,28,,,,,,,,,7,,,,,,
,,,x,x,x,x,,,,,,,,,,,
,,,,,,,x,,,,,,,,,,
,,,,,,,,x,,,,,,,,,
,,,,,,,,,x,,,,,,,,
,,,,,,,,,,x,,,,,,,
ID TOU,PRE jméno,ID,Po,Ut,St,Čt,Pa,So,Ne,Sv,Registry,Zap,Vyp,Zap,Vyp,Zap,Vyp
TD35_001,TOU 543 544 548,543,,,,,,,,,543,,,,,,
,,,x,x,x,x,,,,,,00:00:00,10:45:00,13:45:00,18:00:00,23:00:00,
,,,,,,,x,,,,,00:00:00,10:45:00,13:45:00,17:45:00,22:45:00,
,,,,,,,,x,,,,00:00:00,11:00:00,14:00:00,18:00:00,23:00:00,
,,,,,,,,,x,,,00:00:00,10:45:00,13:45:00,18:00:00,23:00:00,
,,,,,,,,,,x,,00:00:00,11:15:00,15:00:00,19:00:00,23:15:00,
,,,,,,,,,,,Relé 1,Zap,Vyp,Zap,Vyp,Zap,Vyp
,,157,,,,,,,,,544,,,,,,
,,,x,x,x,x,,,,,,00:00:00,10:45:00,13:45:00,18:00:00,23:00:00,
,,,,,,,x,,,,,00:00:00,10:45:00,13:45:00,17:45:00,22:45:00,
,,,,,,,,x,,,,00:00:00,11:00:00,14:00:00,18:00:00,23:00:00,
,,,,,,,,,x,,,00:00:00,10:45:00,13:45:00,18:00:00,23:00:00,
,,,,,,,,,,x,,00:00:00,11:15:00,15:00:00,19:00:00,23:15:00,
,,,,,,,,,,,Relé 2,Zap,Vyp,Zap,Vyp,Zap,Vyp
,,161,,,,,,,,,548,,,,,,
,,,x,x,x,x,,,,,,,00:00:00,01:00:00,06:00:00,13:45:00,16:45:00
,,,,,,,x,,,,,,00:00:00,01:00:00,06:00:00,13:45:00,16:45:00
,,,,,,,,x,,,,,00:00:00,03:00:00,07:00:00,14:00:00,18:00:00
,,,,,,,,,x,,,,00:00:00,03:00:00,07:45:00,13:45:00,17:00:00
,,,,,,,,,,x,,,00:00:00,01:00:00,06:00:00,15:00:00,18:00:00
ID TOU,PRE jméno,ID,Po,Ut,St,Čt,Pa,So,Ne,Sv,Registry,Zap,Vyp,Zap,Vyp,Zap,Vyp,Zap,Vyp,Zap,Vyp,Zap,Vyp,Zap
TD45_001,TOU 485 486 489,39,,,,,,,,,485, - existuje u TOU pro 1F i 3F metr,,,,,,,,,,,,
,,,x,x,x,x,,,,,,00:00:00,02:45:00,03:15:00,07:15:00,08:00:00,11:15:00,12:00:00,15:00:00,15:45:00,19:30:00,20:00:00,23:00:00,23:45:00
,,,,,,,x,,,,,00:00:00,02:45:00,03:15:00,07:15:00,08:00:00,11:15:00,12:00:00,15:00:00,15:45:00,19:30:00,20:00:00,23:00:00,23:45:00
,,,,,,,,x,,,,00:00:00,02:45:00,03:15:00,06:15:00,07:00:00,10:15:00,11:00:00,14:45:00,15:15:00,19:15:00,20:00:00,23:00:00,23:45:00
,,,,,,,,,x,,,00:00:00,02:45:00,03:15:00,06:15:00,07:00:00,11:15:00,12:00:00,15:00:00,15:45:00,19:30:00,20:00:00,23:00:00,23:45:00
,,,,,,,,,,x,,00:00:00,00:45:00,01:15:00,05:15:00,06:00:00,09:15:00,10:00:00,13:45:00,14:15:00,17:15:00,18:00:00,21:00:00,21:45:00
,,,,,,,,,,,Relé 1,Zap,Vyp,Zap,Vyp,Zap,Vyp,Zap,Vyp,Zap,Vyp,Zap,Vyp,Zap
,,40,,,,,,,,,486, - existuje u TOU pro 1F i 3F metr,,,,,,,,,,,,
,,,x,x,x,x,,,,,,00:00:00,02:45:00,03:15:00,07:15:00,08:00:00,11:15:00,12:00:00,15:00:00,15:45:00,19:30:00,20:00:00,23:00:00,23:45:00
,,,,,,,x,,,,,00:00:00,02:45:00,03:15:00,07:15:00,08:00:00,11:15:00,12:00:00,15:00:00,15:45:00,19:30:00,20:00:00,23:00:00,23:45:00
,,,,,,,,x,,,,00:00:00,02:45:00,03:15:00,06:15:00,07:00:00,10:15:00,11:00:00,14:45:00,15:15:00,19:15:00,20:00:00,23:00:00,23:45:00
,,,,,,,,,x,,,00:00:00,02:45:00,03:15:00,06:15:00,07:00:00,11:15:00,12:00:00,15:00:00,15:45:00,19:30:00,20:00:00,23:00:00,23:45:00
,,,,,,,,,,x,,00:00:00,00:45:00,01:15:00,05:15:00,06:00:00,09:15:00,10:00:00,13:45:00,14:15:00,17:15:00,18:00:00,21:00:00,21:45:00
,,,,,,,,,,,Relé 2,Zap,Vyp,Zap,Vyp,Zap,Vyp,Zap,Vyp,Zap,Vyp,Zap,Vyp,Zap
,,71,,,,,,,,,489, - vynechat u TOU pro 1F metr,,,,,,,,,,,,
,,,x,x,x,x,,,,,,00:45:00,02:45:00,03:15:00,06:30:00,12:15:00,15:00:00,,,,,,,
,,,,,,,x,,,,,00:30:00,02:45:00,03:15:00,06:15:00,15:45:00,18:30:00,,,,,,,
,,,,,,,,x,,,,03:15:00,06:00:00,11:30:00,14:45:00,15:15:00,17:15:00,,,,,,,
,,,,,,,,,x,,,03:15:00,06:15:00,12:00:00,15:00:00,15:45:00,17:45:00,,,,,,,
,,,,,,,,,,x,,01:15:00,05:15:00,06:00:00,07:15:00,14:15:00,17:00:00,,,,,,,
,,,,,,,,,,,,,,,,,,,,,,,,
ID TOU,PRE jméno,ID,Po,Ut,St,Čt,Pa,So,Ne,Sv,Registry,Zap,Vyp,Zap,Vyp,Zap,Vyp,Zap,Vyp,Zap,Vyp,Zap,Vyp,Zap
TD45_002,TOU 501 502 505,44,,,,,,,,,501, - existuje u TOU pro 1F i 3F metr,,,,,,,,,,,,
,,,x,x,x,x,,,,,,00:00:00,02:00:00,02:45:00,06:45:00,07:15:00,10:15:00,11:00:00,14:00:00,14:45:00,18:45:00,19:15:00,22:15:00,23:00:00
,,,,,,,x,,,,,00:00:00,02:00:00,02:45:00,06:45:00,07:15:00,10:15:00,11:00:00,14:00:00,14:45:00,18:45:00,19:15:00,22:15:00,23:00:00
,,,,,,,,x,,,,00:00:00,02:00:00,02:45:00,06:45:00,07:15:00,10:15:00,11:00:00,14:00:00,14:45:00,18:45:00,19:15:00,22:15:00,23:00:00
,,,,,,,,,x,,,00:00:00,02:00:00,02:45:00,05:45:00,06:15:00,09:15:00,10:00:00,13:15:00,14:00:00,18:45:00,19:15:00,22:15:00,23:00:00
,,,,,,,,,,x,,00:00:00,00:45:00,01:15:00,05:15:00,06:00:00,09:15:00,10:00:00,13:45:00,14:15:00,17:15:00,18:00:00,21:00:00,21:45:00
,,,,,,,,,,,Relé 1,Zap,Vyp,Zap,Vyp,Zap,Vyp,Zap,Vyp,Zap,Vyp,Zap,Vyp,Zap
,,41,,,,,,,,,502, - existuje u TOU pro 1F i 3F metr,,,,,,,,,,,,
,,,x,x,x,x,,,,,,00:00:00,02:00:00,02:45:00,06:45:00,07:15:00,10:15:00,11:00:00,14:00:00,14:45:00,18:45:00,19:15:00,22:15:00,23:00:00
,,,,,,,x,,,,,00:00:00,02:00:00,02:45:00,06:45:00,07:15:00,10:15:00,11:00:00,14:00:00,14:45:00,18:45:00,19:15:00,22:15:00,23:00:00
,,,,,,,,x,,,,00:00:00,02:00:00,02:45:00,06:45:00,07:15:00,10:15:00,11:00:00,14:00:00,14:45:00,18:45:00,19:15:00,22:15:00,23:00:00
,,,,,,,,,x,,,00:00:00,02:00:00,02:45:00,05:45:00,06:15:00,09:15:00,10:00:00,13:15:00,14:00:00,18:45:00,19:15:00,22:15:00,23:00:00
,,,,,,,,,,x,,00:00:00,00:45:00,01:15:00,05:15:00,06:00:00,09:15:00,10:00:00,13:45:00,14:15:00,17:15:00,18:00:00,21:00:00,21:45:00
,,,,,,,,,,,Relé 2,Zap,Vyp,Zap,Vyp,Zap,Vyp,Zap,Vyp,Zap,Vyp,Zap,Vyp,Zap
,,72,,,,,,,,,505, - vynechat u TOU pro 1F metr,,,,,,,,,,,,
,,,x,x,x,x,,,,,,,00:00:00,02:45:00,06:45:00,14:45:00,18:45:00,,,,,,,
,,,,,,,x,,,,,,00:00:00,02:45:00,06:45:00,14:45:00,18:45:00,,,,,,,
,,,,,,,,x,,,,,00:00:00,02:45:00,06:45:00,14:45:00,18:45:00,,,,,,,
,,,,,,,,,x,,,,00:00:00,02:45:00,05:45:00,11:15:00,13:15:00,14:00:00,17:00:00,,,,,
,,,,,,,,,,x,,,00:00:00,01:15:00,05:15:00,06:00:00,07:15:00,0.59375,0.70833333333333337,,,,,
,,,,,,,,,,,,,,,,,,,,,,,,
ID TOU,PRE jméno,ID,Po,Ut,St,Čt,Pa,So,Ne,Sv,Registry,Zap,Vyp,Zap,Vyp,Zap,Vyp,Zap,Vyp,Zap,Vyp,Zap,Vyp,Zap
TD45_003,TOU 525 526 530,64,,,,,,,,,525, - existuje u TOU pro 1F i 3F metr,,,,,,,,,,,,
,,,x,x,x,x,,,,,,00:00:00,00:15:00,01:00:00,04:45:00,05:15:00,08:15:00,09:00:00,12:00:00,12:45:00,17:00:00,17:45:00,20:45:00,21:15:00
,,,,,,,x,,,,,00:00:00,00:15:00,01:00:00,06:00:00,06:45:00,09:45:00,10:15:00,13:15:00,14:00:00,17:00:00,17:45:00,20:45:00,21:15:00
,,,,,,,,x,,,,00:00:00,00:15:00,01:00:00,05:00:00,05:45:00,09:30:00,10:00:00,13:00:00,13:45:00,17:00:00,17:45:00,20:45:00,21:15:00
,,,,,,,,,x,,,00:00:00,00:15:00,01:00:00,04:45:00,05:15:00,08:15:00,09:00:00,12:15:00,13:00:00,17:00:00,17:45:00,20:45:00,21:15:00
,,,,,,,,,,x,,00:00:00,01:45:00,02:15:00,06:15:00,07:00:00,11:00:00,11:45:00,14:45:00,15:15:00,18:15:00,19:00:00,22:00:00,22:45:00
,,,,,,,,,,,Relé 1,Zap,Vyp,Zap,Vyp,Zap,Vyp,Zap,Vyp,Zap,Vyp,Zap,Vyp,Zap
,,65,,,,,,,,,526, - existuje u TOU pro 1F i 3F metr,,,,,,,,,,,,
,,,x,x,x,x,,,,,,00:00:00,00:15:00,01:00:00,04:45:00,05:15:00,08:15:00,09:00:00,12:00:00,12:45:00,17:00:00,17:45:00,20:45:00,21:15:00
,,,,,,,x,,,,,00:00:00,00:15:00,01:00:00,06:00:00,06:45:00,09:45:00,10:15:00,13:15:00,14:00:00,17:00:00,17:45:00,20:45:00,21:15:00
,,,,,,,,x,,,,00:00:00,00:15:00,01:00:00,05:00:00,05:45:00,09:30:00,10:00:00,13:00:00,13:45:00,17:00:00,17:45:00,20:45:00,21:15:00
,,,,,,,,,x,,,00:00:00,00:15:00,01:00:00,04:45:00,05:15:00,08:15:00,09:00:00,12:15:00,13:00:00,17:00:00,17:45:00,20:45:00,21:15:00
,,,,,,,,,,x,,00:00:00,01:45:00,02:15:00,06:15:00,07:00:00,11:00:00,11:45:00,14:45:00,15:15:00,18:15:00,19:00:00,22:00:00,22:45:00
,,,,,,,,,,,Relé 2,Zap,Vyp,Zap,Vyp,Zap,Vyp,Zap,Vyp,Zap,Vyp,Zap,Vyp,Zap
,,76,,,,,,,,,530, - vynechat u TOU pro 1F metr,,,,,,,,,,,,
,,,x,x,x,x,,,,,,01:45:00,04:30:00,10:00:00,12:00:00,12:45:00,16:00:00,,,,,,,
,,,,,,,x,,,,,01:45:00,05:45:00,11:15:00,13:15:00,14:00:00,16:00:00,,,,,,,
,,,,,,,,x,,,,03:00:00,05:00:00,05:45:00,08:30:00,13:45:00,17:00:00,,,,,,,
,,,,,,,,,x,,,02:00:00,04:45:00,10:15:00,12:15:00,13:00:00,16:15:00,,,,,,,
,,,,,,,,,,x,,02:15:00,06:15:00,07:00:00,08:15:00,15:15:00,18:00:00,,,,,,,
,,,,,,,,,,,,,,,,,,,,,,,,
ID TOU,PRE jméno,ID,Po,Ut,St,Čt,Pa,So,Ne,Sv,Registry,Zap,Vyp,Zap,Vyp,Zap,Vyp,Zap,Vyp,Zap,Vyp,Zap,Vyp,Zap
TD45_004,TOU 533 534 537,56,,,,,,,,,533, - existuje u TOU pro 1F i 3F metr,,,,,,,,,,,,
,,,x,x,x,x,,,,,,00:00:00,01:00:00,01:45:00,04:45:00,05:15:00,08:15:00,09:00:00,12:15:00,13:00:00,17:45:00,18:15:00,21:15:00,22:00:00
,,,,,,,x,,,,,00:00:00,00:15:00,01:00:00,04:45:00,05:15:00,08:15:00,09:00:00,12:15:00,13:00:00,17:00:00,17:45:00,20:45:00,21:15:00
,,,,,,,,x,,,,00:00:00,01:00:00,01:45:00,04:45:00,05:15:00,08:15:00,09:00:00,12:15:00,13:00:00,17:45:00,18:15:00,21:15:00,22:00:00
,,,,,,,,,x,,,00:00:00,04:45:00,05:15:00,08:15:00,09:00:00,12:00:00,12:45:00,15:45:00,16:15:00,19:15:00,20:00:00,23:00:00,23:45:00
,,,,,,,,,,x,,00:00:00,01:00:00,01:45:00,05:45:00,06:15:00,09:30:00,10:15:00,14:00:00,14:45:00,17:45:00,18:15:00,21:15:00,22:00:00
,,,,,,,,,,,Relé 1,Zap,Vyp,Zap,Vyp,Zap,Vyp,Zap,Vyp,Zap,Vyp,Zap,Vyp,Zap
,,77,,,,,,,,,534, - existuje u TOU pro 1F i 3F metr,,,,,,,,,,,,
,,,x,x,x,x,,,,,,00:00:00,01:00:00,01:45:00,04:45:00,05:15:00,08:15:00,09:00:00,12:15:00,13:00:00,17:45:00,18:15:00,21:15:00,22:00:00
,,,,,,,x,,,,,00:00:00,00:15:00,01:00:00,04:45:00,05:15:00,08:15:00,09:00:00,12:15:00,13:00:00,17:00:00,17:45:00,20:45:00,21:15:00
,,,,,,,,x,,,,00:00:00,01:00:00,01:45:00,04:45:00,05:15:00,08:15:00,09:00:00,12:15:00,13:00:00,17:45:00,18:15:00,21:15:00,22:00:00
,,,,,,,,,x,,,00:00:00,04:45:00,05:15:00,08:15:00,09:00:00,12:00:00,12:45:00,15:45:00,16:15:00,19:15:00,20:00:00,23:00:00,23:45:00
,,,,,,,,,,x,,00:00:00,01:00:00,01:45:00,05:45:00,06:15:00,09:30:00,10:15:00,14:00:00,14:45:00,17:45:00,18:15:00,21:15:00,22:00:00
,,,,,,,,,,,Relé 2,Zap,Vyp,Zap,Vyp,Zap,Vyp,Zap,Vyp,Zap,Vyp,Zap,Vyp,Zap
,,74,,,,,,,,,537, - vynechat u TOU pro 1F metr,,,,,,,,,,,,
,,,x,x,x,x,,,,,,01:45:00,04:45:00,10:15:00,12:15:00,13:00:00,16:00:00,,,,,,,
,,,,,,,x,,,,,01:30:00,04:45:00,05:15:00,07:15:00,13:00:00,15:45:00,,,,,,,
,,,,,,,,x,,,,02:45:00,04:45:00,05:15:00,07:15:00,13:00:00,17:00:00,,,,,,,
,,,,,,,,,x,,,01:45:00,04:45:00,10:00:00,12:00:00,12:45:00,15:45:00,,,,,,,
,,,,,,,,,,x,,01:45:00,05:45:00,06:15:00,07:30:00,14:45:00,17:30:00,,,,,,,
,,,,,,,,,,,,,,,,,,,,,,,,
ID TOU,PRE jméno,ID,Po,Ut,St,Čt,Pa,So,Ne,Sv,Registry,Zap,Vyp,Zap,Vyp,Zap,Vyp,Zap,Vyp,Zap,Vyp,Zap,Vyp,Zap
TD45_005,TOU 565 566 569,58,,,,,,,,,565, - existuje u TOU pro 1F i 3F metr,,,,,,,,,,,,
,,,x,x,x,x,,,,,,00:00:00,02:15:00,03:00:00,06:00:00,06:45:00,10:00:00,10:45:00,13:45:00,14:15:00,19:00:00,19:45:00,22:45:00,23:15:00
,,,,,,,x,,,,,00:00:00,02:15:00,03:00:00,06:00:00,06:45:00,10:30:00,11:00:00,14:00:00,14:45:00,18:45:00,19:15:00,22:15:00,23:00:00
,,,,,,,,x,,,,00:00:00,02:15:00,03:00:00,06:45:00,07:15:00,10:15:00,11:00:00,14:00:00,14:45:00,19:00:00,19:45:00,22:45:00,23:15:00
,,,,,,,,,x,,,00:00:00,02:15:00,03:00:00,07:45:00,08:15:00,11:15:00,12:00:00,15:00:00,15:45:00,18:45:00,19:15:00,22:15:00,23:00:00
,,,,,,,,,,x,,00:00:00,01:15:00,02:00:00,06:00:00,06:45:00,10:00:00,10:45:00,14:30:00,15:00:00,18:00:00,18:45:00,21:45:00,22:15:00
,,,,,,,,,,,Relé 1,Zap,Vyp,Zap,Vyp,Zap,Vyp,Zap,Vyp,Zap,Vyp,Zap,Vyp,Zap
,,61,,,,,,,,,566, - existuje u TOU pro 1F i 3F metr,,,,,,,,,,,,
,,,x,x,x,x,,,,,,00:00:00,02:15:00,03:00:00,06:00:00,06:45:00,10:00:00,10:45:00,13:45:00,14:15:00,19:00:00,19:45:00,22:45:00,23:15:00
,,,,,,,x,,,,,00:00:00,02:15:00,03:00:00,06:00:00,06:45:00,10:30:00,11:00:00,14:00:00,14:45:00,18:45:00,19:15:00,22:15:00,23:00:00
,,,,,,,,x,,,,00:00:00,02:15:00,03:00:00,06:45:00,07:15:00,10:15:00,11:00:00,14:00:00,14:45:00,19:00:00,19:45:00,22:45:00,23:15:00
,,,,,,,,,x,,,00:00:00,02:15:00,03:00:00,07:45:00,08:15:00,11:15:00,12:00:00,15:00:00,15:45:00,18:45:00,19:15:00,22:15:00,23:00:00
,,,,,,,,,,x,,00:00:00,01:15:00,02:00:00,06:00:00,06:45:00,10:00:00,10:45:00,14:30:00,15:00:00,18:00:00,18:45:00,21:45:00,22:15:00
,,,,,,,,,,,Relé 2,Zap,Vyp,Zap,Vyp,Zap,Vyp,Zap,Vyp,Zap,Vyp,Zap,Vyp,Zap
,,75,,,,,,,,,569, - vynechat u TOU pro 1F metr,,,,,,,,,,,,
,,,x,x,x,x,,,,,,00:15:00,02:15:00,03:00:00,06:00:00,12:00:00,15:00:00,,,,,,,
,,,,,,,x,,,,,00:15:00,02:15:00,03:00:00,06:15:00,15:45:00,18:30:00,,,,,,,
,,,,,,,,x,,,,03:00:00,06:00:00,12:00:00,15:00:00,15:45:00,17:45:00,,,,,,,
,,,,,,,,,x,,,03:45:00,06:45:00,12:00:00,15:00:00,15:45:00,17:45:00,,,,,,,
,,,,,,,,,,x,,01:45:00,05:45:00,06:15:00,07:30:00,14:45:00,17:30:00,,,,,,,
ID TOU,PRE jméno,ID,Po,Ut,St,Čt,Pa,So,Ne,Sv,Registry,Zap,Vyp,Zap,Vyp,Zap,Vyp,Zap
TD55_001,TOU 517 518 521,45,,,,,,,,,517, - existuje u TOU pro 1F i 3F metr,,,,,,
,,,x,x,x,x,,,,,,00:00:00,01:00:00,01:45:00,11:45:00,12:15:00,18:15:00,19:00:00
,,,,,,,x,,,,,00:00:00,01:00:00,01:45:00,11:45:00,12:15:00,18:15:00,19:00:00
,,,,,,,,x,,,,00:00:00,02:00:00,02:45:00,12:30:00,13:00:00,19:15:00,20:00:00
,,,,,,,,,x,,,00:00:00,05:00:00,05:45:00,12:30:00,13:00:00,19:15:00,20:00:00
,,,,,,,,,,x,,00:00:00,07:00:00,07:45:00,14:30:00,15:00:00,0.91666666666666663,0.94791666666666663
,,,,,,,,,,,Relé 1,Zap,Vyp,Zap,Vyp,Zap,Vyp,Zap
,,54,,,,,,,,,518, - existuje u TOU pro 1F i 3F metr,,,,,,
,,,x,x,x,x,,,,,,00:00:00,01:00:00,01:45:00,11:45:00,12:15:00,18:15:00,19:00:00
,,,,,,,x,,,,,00:00:00,01:00:00,01:45:00,11:45:00,12:15:00,18:15:00,19:00:00
,,,,,,,,x,,,,00:00:00,02:00:00,02:45:00,12:30:00,13:00:00,19:15:00,20:00:00
,,,,,,,,,x,,,00:00:00,05:00:00,05:45:00,12:30:00,13:00:00,19:15:00,20:00:00
,,,,,,,,,,x,,00:00:00,07:00:00,07:45:00,14:30:00,15:00:00,0.91666666666666663,0.94791666666666663
,,,,,,,,,,,Relé 2,Zap,Vyp,Zap,Vyp,Zap,Vyp,Zap
,,68,,,,,,,,,521, - vynechat u TOU pro 1F metr,,,,,,
,,,x,x,x,x,,,,,,03:45:00,07:45:00,13:45:00,17:45:00,,,
,,,,,,,x,,,,,01:45:00,06:45:00,13:00:00,16:00:00,,,
,,,,,,,,x,,,,03:00:00,07:45:00,13:45:00,17:00:00,,,
,,,,,,,,,x,,,01:00:00,05:00:00,13:00:00,17:00:00,,,
,,,,,,,,,,x,,01:15:00,06:15:00,15:00:00,18:00:00,,,
ID TOU,PRE jméno,ID,Po,Ut,St,Čt,Pa,So,Ne,Sv,Registry,Zap,Vyp,Zap,Vyp,Zap,Vyp,Zap,Vyp,Zap,Vyp,Zap,Vyp,Zap
TD57_001,TOU 573 574 575,189,,,,,,,,,573, - existuje u TOU pro 1F i 3F metr,,,,,,,,,,,,
,,,x,x,x,x,,,,,,00:00:00,02:15:00,03:00:00,06:15:00,07:00:00,11:45:00,12:15:00,15:15:00,16:00:00,19:00:00,19:45:00,22:45:00,23:15:00
,,,,,,,x,,,,,00:00:00,02:15:00,03:00:00,06:15:00,07:00:00,11:30:00,12:00:00,15:00:00,15:45:00,19:00:00,19:45:00,22:45:00,23:15:00
,,,,,,,,x,,,,00:00:00,00:15:00,01:00:00,04:15:00,05:00:00,08:15:00,09:00:00,12:00:00,12:30:00,17:00:00,17:45:00,20:45:00,21:15:00
,,,,,,,,,x,,,00:00:00,02:30:00,03:00:00,06:15:00,07:00:00,11:15:00,12:00:00,15:00:00,15:45:00,19:00:00,19:45:00,22:30:00,23:00:00
,,,,,,,,,,x,,00:00:00,01:45:00,02:15:00,06:15:00,07:00:00,11:00:00,11:45:00,14:45:00,15:15:00,18:15:00,19:00:00,22:00:00,22:45:00
,,,,,,,,,,,Relé 1,Zap,Vyp,Zap,Vyp,Zap,Vyp,Zap,Vyp,Zap,Vyp,Zap,Vyp,Zap
,,190,,,,,,,,,574, - existuje u TOU pro 1F i 3F metr,,,,,,,,,,,,
,,,x,x,x,x,,,,,,00:00:00,02:15:00,03:00:00,06:15:00,07:00:00,11:45:00,12:15:00,15:15:00,16:00:00,19:00:00,19:45:00,22:45:00,23:15:00
,,,,,,,x,,,,,00:00:00,02:15:00,03:00:00,06:15:00,07:00:00,11:30:00,12:00:00,15:00:00,15:45:00,19:00:00,19:45:00,22:45:00,23:15:00
,,,,,,,,x,,,,00:00:00,00:15:00,01:00:00,04:15:00,05:00:00,08:15:00,09:00:00,12:00:00,12:30:00,17:00:00,17:45:00,20:45:00,21:15:00
,,,,,,,,,x,,,00:00:00,02:30:00,03:00:00,06:15:00,07:00:00,11:15:00,12:00:00,15:00:00,15:45:00,19:00:00,19:45:00,22:30:00,23:00:00
,,,,,,,,,,x,,00:00:00,01:45:00,02:15:00,06:15:00,07:00:00,11:00:00,11:45:00,14:45:00,15:15:00,18:15:00,19:00:00,22:00:00,22:45:00
,,,,,,,,,,,Relé 2,Zap,Vyp,Zap,Vyp,Zap,Vyp,Zap,Vyp,Zap,Vyp,Zap,Vyp,Zap
,,191,,,,,,,,,575, - vynechat u TOU pro 1F metr,,,,,,,,,,,,
,,,x,x,x,x,,,,,,00:15:00,02:15:00,03:00:00,06:15:00,12:30:00,15:15:00,,,,,,,
,,,,,,,x,,,,,00:15:00,02:15:00,03:00:00,06:15:00,15:45:00,18:30:00,,,,,,,
,,,,,,,,x,,,,01:30:00,04:15:00,09:45:00,12:00:00,12:45:00,15:45:00,,,,,,,
,,,,,,,,,x,,,03:15:00,06:15:00,12:00:00,15:00:00,15:45:00,17:45:00,,,,,,,
,,,,,,,,,,x,,02:15:00,06:15:00,07:00:00,08:15:00,15:15:00,18:00:00,,,,,,,
,,,,,,,,,,,,,,,,,,,,,,,,
ID TOU,PRE jméno,ID,Po,Ut,St,Čt,Pa,So,Ne,Sv,Registry,Zap,Vyp,Zap,Vyp,Zap,Vyp,Zap,Vyp,Zap,Vyp,Zap,Vyp,Zap
TD57_002,TOU 605 606 607,98,,,,,,,,,605, - existuje u TOU pro 1F i 3F metr,,,,,,,,,,,,
,,,x,x,x,x,,,,,,00:00:00,01:00:00,01:45:00,04:45:00,05:15:00,09:15:00,10:00:00,13:00:00,13:45:00,17:45:00,18:15:00,21:15:00,22:00:00
,,,,,,,x,,,,,00:00:00,01:00:00,01:45:00,04:45:00,05:15:00,09:15:00,10:00:00,13:00:00,13:45:00,17:45:00,18:15:00,21:15:00,22:00:00
,,,,,,,,x,,,,00:00:00,02:00:00,02:45:00,05:45:00,06:15:00,09:15:00,10:00:00,13:00:00,13:45:00,18:45:00,19:15:00,22:15:00,23:00:00
,,,,,,,,,x,,,00:00:00,02:00:00,02:45:00,05:45:00,06:15:00,09:15:00,10:00:00,13:00:00,13:45:00,18:45:00,19:15:00,22:15:00,23:00:00
,,,,,,,,,,x,,00:00:00,01:45:00,02:15:00,06:15:00,07:00:00,11:00:00,11:45:00,14:45:00,15:15:00,18:15:00,19:00:00,22:00:00,22:45:00
,,,,,,,,,,,Relé 1,Zap,Vyp,Zap,Vyp,Zap,Vyp,Zap,Vyp,Zap,Vyp,Zap,Vyp,Zap
,,101,,,,,,,,,606, - existuje u TOU pro 1F i 3F metr,,,,,,,,,,,,
,,,x,x,x,x,,,,,,00:00:00,01:00:00,01:45:00,04:45:00,05:15:00,09:15:00,10:00:00,13:00:00,13:45:00,17:45:00,18:15:00,21:15:00,22:00:00
,,,,,,,x,,,,,00:00:00,01:00:00,01:45:00,04:45:00,05:15:00,09:15:00,10:00:00,13:00:00,13:45:00,17:45:00,18:15:00,21:15:00,22:00:00
,,,,,,,,x,,,,00:00:00,02:00:00,02:45:00,05:45:00,06:15:00,09:15:00,10:00:00,13:00:00,13:45:00,18:45:00,19:15:00,22:15:00,23:00:00
,,,,,,,,,x,,,00:00:00,02:00:00,02:45:00,05:45:00,06:15:00,09:15:00,10:00:00,13:00:00,13:45:00,18:45:00,19:15:00,22:15:00,23:00:00
,,,,,,,,,,x,,00:00:00,01:45:00,02:15:00,06:15:00,07:00:00,11:00:00,11:45:00,14:45:00,15:15:00,18:15:00,19:00:00,22:00:00,22:45:00
,,,,,,,,,,,Relé 2,Zap,Vyp,Zap,Vyp,Zap,Vyp,Zap,Vyp,Zap,Vyp,Zap,Vyp,Zap
,,113,,,,,,,,,607, - vynechat u TOU pro 1F metr,,,,,,,,,,,,
,,,x,x,x,x,,,,,,01:45:00,04:45:00,05:15:00,07:15:00,13:45:00,16:45:00,,,,,,,
,,,,,,,x,,,,,01:45:00,04:45:00,05:15:00,07:15:00,14:00:00,17:00:00,,,,,,,
,,,,,,,,x,,,,03:00:00,05:45:00,06:15:00,08:15:00,13:45:00,17:00:00,,,,,,,
,,,,,,,,,x,,,02:45:00,05:45:00,13:45:00,18:45:00,,,,,,,,,
,,,,,,,,,,x,,02:15:00,06:15:00,07:00:00,08:15:00,15:15:00,18:00:00,,,,,,,
ID TOU,PRE jméno,ID,Po,Ut,St,Čt,Pa,So,Ne,Sv,Registry,Zap,Vyp,Zap,Vyp,Zap,Vyp,Zap
TD61_001,TOU 586 586 586,62,,,,,,,,,586, - existuje u TOU pro 1F i 3F metr,,,,,,
,,,x,x,x,x,,,,,,,,,,,,
,,,,,,,x,,,,,,00:00:00,12:00:00,,,,
,,,,,,,,x,,,,00:00:00,,,,,,
,,,,,,,,,x,,,00:00:00,22:00:00,,,,,
,,,,,,,,,,x,,,,,,,,
,,,,,,,,,,,Relé 1,Zap,Vyp,Zap,Vyp,Zap,Vyp,Zap
,,62,,,,,,,,,586, - existuje u TOU pro 1F i 3F metr,,,,,,
,,,x,x,x,x,,,,,,,,,,,,
,,,,,,,x,,,,,,00:00:00,12:00:00,,,,
,,,,,,,,x,,,,00:00:00,,,,,,
,,,,,,,,,x,,,00:00:00,22:00:00,,,,,
,,,,,,,,,,x,,,,,,,,
,,,,,,,,,,,Relé 2,Zap,Vyp,Zap,Vyp,Zap,Vyp,Zap
,,62,,,,,,,,,586, - vynechat u TOU pro 1F metr,,,,,,
,,,x,x,x,x,,,,,,,,,,,,
,,,,,,,x,,,,,,00:00:00,12:00:00,,,,
,,,,,,,,x,,,,00:00:00,,,,,,
,,,,,,,,,x,,,00:00:00,22:00:00,,,,,
,,,,,,,,,,x,,,,,,,,
